wandb_project,wandb_group,wandb_name,seed,weights,embed_dim,lamda,test_clf_acc,test_triplet_acc,test_1nn_acc,h2h_50,h2h_512,NINO_ds_acc_k=1,rNINO_ds_acc_k=1,NIFO_ds_acc_k=1,NINO_ds_acc_k=3,rNINO_ds_acc_k=3,NIFO_ds_acc_k=3,NINO_ds_acc_k=5,rNINO_ds_acc_k=5,NIFO_ds_acc_k=5
wv_3d_noisy,align=0.925_p=0.8,MTL0.5,0,"[256, 1, 256, 256]",512,0.5,0.995,0.6866652,0.9975,0.35475,0.35475,0.7975,0.7975,0.6975,0.92,0.92,0.825,0.9575,0.9575,0.86
wv_3d_noisy,align=0.925_p=0.7,MTL0.5,0,"[256, 1, 256, 256]",512,0.5,0.995,0.6674188,1.0,0.42625,0.42625,0.7575,0.7575,0.7825,0.87,0.87,0.9475,0.925,0.925,0.97
wv_3d_noisy,align=0.925_p=0.6,MTL0.5,0,"[256, 1, 256, 256]",512,0.5,0.995,0.67339617,1.0,0.36725,0.36725,0.725,0.725,0.6875,0.8725,0.8725,0.8575,0.92,0.92,0.8925
wv_3d_noisy,align=0.925_p=0.4,MTL0.5,0,"[256, 1, 256, 256]",512,0.5,0.9975,0.70339173,1.0,0.55975,0.55975,0.9675,0.9675,0.99,0.94,0.94,0.9875,0.94,0.94,0.9875
wv_3d_noisy,align=0.925_p=0.3,MTL0.5,0,"[256, 1, 256, 256]",512,0.5,0.995,0.7434095,1.0,0.7045,0.7045,0.9575,0.9575,0.9925,0.955,0.955,0.9925,0.955,0.955,0.9925
wv_3d_noisy,align=0.925_p=0.5,MTL0.5,0,"[256, 1, 256, 256]",512,0.5,0.995,0.67150515,1.0,0.45875,0.45875,0.93,0.93,0.93,0.9625,0.9625,0.98,0.9775,0.9775,0.99
wv_3d_noisy,align=0.925_p=0.2,MTL0.5,0,"[256, 1, 256, 256]",512,0.5,0.995,0.80637366,0.9975,0.72875,0.72875,0.9625,0.96,1.0,0.955,0.9525,1.0,0.9475,0.9475,1.0
wv_3d_noisy,align=0.925_p=0.1,MTL0.5,0,"[256, 1, 256, 256]",512,0.5,0.9975,0.8851498,1.0,0.8234999999999999,0.8234999999999999,0.9575,0.9575,1.0,0.9525,0.9525,1.0,0.9575,0.9575,1.0
