name,seed,weights,filtered,embed_dim,lamda,wandb_group,wandb_project,NINO_ds_acc,NIFO_ds_acc,NI_h2h_d50,NO_h2h_d50,NI_h2h_d512,NO_h2h_d512,test_triplet_acc,test_1nn_acc,rNINO_ds_acc,align,num,test_clf_acc
MTL0.2,0,"[1, 1000000, 1, 1]",True,50,0.2,align=0.9_p=0.0078125_filtered,wv_3d_linear0_num,0.9350000023841858,0.9975000023841858,0.7079166666666667,0.7608333333333333,0.7020833333333334,0.7054166666666667,0.931818187236786,1.0,0.9350000023841858,0.9,0.0078125,0
TN,0,"[1, 1000000, 1, 1]",True,50,0.0,align=0.9_p=0.0078125_filtered,wv_3d_linear0_num,0.824999988079071,0.3975000083446502,0.4575,0.8858333333333334,0.44083333333333335,0.9275,0.9090909361839294,0.9975,0.47999998927116394,0.9,0.0078125,0
MTL0.5,0,"[1, 1000000, 1, 1]",True,50,0.5,align=0.9_p=0.0078125_filtered,wv_3d_linear0_num,0.9075000286102296,0.9975000023841858,0.6691666666666668,0.805,0.6608333333333333,0.7245833333333334,0.9090909361839294,1.0,0.9049999713897704,0.9,0.0078125,0
MTL0.8,0,"[1, 1000000, 1, 1]",True,50,0.8,align=0.9_p=0.0078125_filtered,wv_3d_linear0_num,0.9200000166893004,1.0,0.6737500000000001,0.765,0.6504166666666666,0.6758333333333333,0.9090909361839294,1.0,0.9200000166893004,0.9,0.0078125,0
