name,seed,weights,filtered,embed_dim,lamda,wandb_group,wandb_project,NINO_ds_acc,NIFO_ds_acc,NI_h2h_d50,NO_h2h_d50,NI_h2h_d512,NO_h2h_d512,test_triplet_acc,test_1nn_acc,rNINO_ds_acc,align,num,test_clf_acc
MTL0.2,0,"[1, 1000000, 1, 1]",True,512,0.2,align=0.9_p=0.0078125_filtered,wv_3d_linear0_num,0.9049999713897704,1.0,0.69875,0.6433333333333332,0.6729166666666666,0.7000000000000001,0.9545454382896424,1.0,0.9049999713897704,0.9,0.0078125,0
MTL0.8,0,"[1, 1000000, 1, 1]",True,512,0.8,align=0.9_p=0.0078125_filtered,wv_3d_linear0_num,0.9524999856948853,1.0,0.6970833333333334,0.6275,0.6749999999999999,0.6375000000000001,0.9772727489471436,1.0,0.9524999856948853,0.9,0.0078125,0
MTL0.5,0,"[1, 1000000, 1, 1]",True,512,0.5,align=0.9_p=0.0078125_filtered,wv_3d_linear0_num,0.9399999976158142,1.0,0.6941666666666667,0.5525,0.6791666666666667,0.6,0.9772727489471436,1.0,0.9399999976158142,0.9,0.0078125,0
TN,0,"[1, 1000000, 1, 1]",True,512,0.0,align=0.9_p=0.0078125_filtered,wv_3d_linear0_num,0.8475000262260437,0.3650000095367432,0.44083333333333335,0.89875,0.3954166666666667,0.8941666666666667,0.9090909361839294,1.0,0.45249998569488525,0.9,0.0078125,0
